,MISO FSL Baseline,Profit Share%,Average Performance (10 of 10),Average Performance (FSL),Revenue,Customer Share,Voltus Share
1,10700.0,0.64,3937.409999999999,3337.1000000000004,24216.92639999999,15498.832895999996,8718.093503999997
2,5400.0,0.62,4344.75,5075.1,30770.064,19077.439680000003,11692.62432
3,850.0,0.56,649.3050000000001,850.0,4600.3744799999995,2576.2097088000005,2024.1647712
5,9000.0,0.65,3499.893,3235.0800000000004,23873.20416000001,15517.582704000004,8355.621456
6,350.0,0.51,-11.623500000000007,41.47999999999999,70.88255999999998,36.15010559999999,34.732454399999995
