,MISO FSL Baseline,Profit Share%,10 of 10 baseline,Average Performance (10 of 10),Average Performance (FSL),Revenue,Customer Share,Voltus Share
1,10700.0,0.64,,4358.339999999999,4716.8,28356.86879999999,18148.396031999997,10208.472767999996
2,5400.0,0.62,,4226.13,5062.5,30243.0888,18750.715056,11492.373744
3,850.0,0.56,,593.829,817.69,4335.16752,2427.6938112000003,1907.4737087999997
5,9000.0,0.65,,4183.626,4120.32,26276.678640000002,17079.841116000003,9196.837524
6,350.0,0.51,,58.47749999999998,121.62499999999999,264.54599999999976,134.9184599999999,129.6275399999999
