,MISO FSL Baseline,Profit Share%,10 of 10 baseline,Average Performance (10 of 10),Average Performance (FSL),Revenue,Customer Share,Voltus Share
1,10700.0,0.64,,4926.15,4681.700000000001,27301.795199999993,17473.148927999995,9828.646271999998
2,5400.0,0.62,,4317.21,5134.5,30684.139199999998,19024.166304000002,11659.972896000001
3,850.0,0.56,,649.3050000000001,850.0,4600.3744799999995,2576.2097088000005,2024.1647712
5,9000.0,0.65,,4389.075,4296.96,26647.452000000005,17320.843800000002,9326.6082
6,350.0,0.51,,31.203000000000003,89.89999999999999,204.50124000000002,104.29563240000002,100.20560760000001
